id,text,aspect,predicted
0,i created the webinar on powerpoint and i would like to copy the individual slides for the webinar into invideo,slides,1
1,prices r very high for non milk items,milk,0
2,potato quality very small n inside black,quality,0
3,i.e. a knowledge hub for several content typ.,knowledge,0
4,"the best app for managment tasks, notes and so on, i only think the mobile app is not so fast, it could be improved",mobile app,1
5,best note taking app ever !,note,1
6,just deliver the product properly,deliver,0
7,i want to know if my current plan is paid,plan,0
8,i just keep seeing the notion icon forever.,Notion icon,0
9,With the App it is not possible to create new teams and move projects from one team to another...,create new teams,-1
10,stucks at notion logo.,notion logo.,0
11,morning time delivery and doorstep delivery,delivery,0
12,it is an inline gallery view (not under a toggle) and the bug usually happens when the card is medium size.,gallery,0
13,"hi i would like to pause or cancel my invideo subscription, i paid for the last two months and have not used the platform, although i am very interested in using the platform, i have not had the time to learn it.",paid,1
14,copyright-free music reseller rights advanced editing,editing,1
15,takes time to learn but very helpful,Takes,1
16,we do not have a native zoom feature.,zoom,0
17,@marcovrj @jmelaskyriazi @notionhq @airtable we base our pricing on doc makers -- people who actually create docs --.,pricing,1
18,great app but way slower to be productive.,app,1
19,I like the flexibility - you can adapt it to exactly what you wNt it to do.,flexibility,1
20,all the products are available and ok n time delivery and other options in mobile application is very easy to use.,products,1
21,"using app is very difficult as very slow, non responsive and gets hanged.",app,0
22,"How can i download PDF attachments on IOS !?!
",attachments,1
23,may i know which notification did you get?,notification,0
24,You can use a template or make it from scratch.,template,0
25,", i did not realize my watermark logo was on - is there a way to remove it all at once?",logo,0
26,you have not supplied milk on 24 th last month.,milk,0
27,promt most of the time for regular milk delivery service.,milk delivery,0
28,i can see only audio volume not background music over there,background,0
29,3.other vegs.,vegs.,0
30,"first, the app needs to work properly.",APP,0
31,the deductions are made from my credit card.,credit,1
32,Wish I could rate the app better - I cannot even get beyond the sign in.,sign,1
33,i do not know why some people complain about the speed and reliability of the notion app.,app.,-1
34,did not receive milk bag which was free,milk,1
35,"what i see is, my card has been charged 20$",card,-1
36,"i like efficiency and productivity so any action that can be skipped is a win, haha.",productivity,1
37,"very intuitive, love the features, in particular the shareable notes.","features,",1
38,by supplying quality vegetables and not rotten or bad ones.,vegetables,1
39,i have a 2 column based table : amount (eg : -100$ for outcomes & 100$ for incomes) & date.,table,0
40,reduce delivery fees,delivery fees,0
41,app stuck on the loading screen with the logo.,App,-1
42,one of the words actually turned into a bunch of code lingo.,code,0
43,as of now invideo is only available on desktop.,desktop,0
44,there are foss apps that do a better job than this while having a better ui.,UI.,1
45,this is a beautiful and mind-blowing app.,app.,1
46,There is a change of languages in the web version.,web version,0
47,"When I want to type text on a field that has Long text and rich text formatting, I can’t see what I am typing above.",field,1
48,I wasted so much time with different project managers it’s ridiculous because air table was right there all along.,project,-1
49,there are no offers in supr daily.,offers,-1
50,in the video i see at the right remove background in a orange box i do not see this on my screen,remove,0
51,Beat tool for collaboration and tasks management,tasks,0
52,"what is the difference between, animation and textbox animation.",Textbox,0
53,the best app i have ever used till now for making notes !,app,1
54,I am happy to fill out a form.,form.,1
55,working slow at android phone.,android phone.,0
56,Bit hard to navigate lists on mobile interface.,mobile,-1
57,# what is your workspace domain?,workspace,0
58,I have used @evernote for over a decade for note taking and project management.,project,0
59,"feel free to pick my brain, as i think the power of notion is still underrated.",free,1
60,"using ipad pro i hoped that the notion app could be used in full as i do on windows, but it comes with limitations.",iPad Pro,1
61,"notion team notion.so, the all-in-one workspace for your notes, tasks, wikis, and databases.","notes,",0
62,"i looked into this for you and saw another user on the ""amoshh"" workspace, an admin.",workspace,0
63,The app doesn't let me log in without sharing all of my contacts.,log,-1
64,I haven't been able to open it since my phone.,phone,0
65,"yes, i see you have now gone on the unlimited yearly plan for $180 with 50% off, so that is carried forward - but if you are interested in an unlimited plan, i could recommend paying a bit more and simply getting a lifetime unlimited plan instead",lifetime,1
66,(whenever we launch it) license to resell videos video resolution in 1080p full access to all editing,1080p,0
67,"I worked long and hard on a chart of my family heirlooms—quilts, a cooking fork, paper weight, candle sticks, books, photo albums—only to have it disappear in an update.",chart,-1
68,regular in time delivery of milk without delivery charge.,milk,0
69,"sorry, but i can not find any overlay when it fades away on the editor as well.",fades,1
70,the interface and workflow is innovative and allows you to be as flexible yet simple as you want with your pages and templates.,interface,1
71,"hi, i want to is it possible to have a language setting in ios app?",language,0
72,"notion for desktop, web and mobile is good, but the ipad version is not good, interface is not properly scaled for the screen size and resolution.",iPad version,1
73,the notion website application is awesome but i find the app to be not so easy to use.,app,-1
74,what is the point charging as a supr user and taking 99 rs when you have most of the items out of stock,stock,0
75,but i think i did not use a premade template.,template.,0
76,"prompt delivery, good products, no extra charges for delivery, easy to contact customer care service, easy to add and deduct products through app, easy to load money in wallet.",wallet.,1
77,@rimmedwine i would be surprised if @notionhq does not have the ksa model template in their huge catalogue.,template,1
78,Very simple and useful app for multiple online co-working tasks,working tasks,1
79,"woah, who could have thought that this app, which is being simped by all youtubers is secretly (or not so secretly) a 'manage everything' app??","app,",0
80,you deliver rotten stuff.,deliver rotten stuff.,-1
81,"excellent, but the app is slow, and wish if there were an offline mode.",offline mode.,1
82,but what if i need to disable in general because my editors are making their own videos,editors,0
83,follow this from a laptop/ desktop to cancel,cancel,-1
84,"good afternoon, i would like to remove a logo i no longer use, its in the logo section.",remove,1
85,we spoke yesterday about my project,project,0
86,"i like the concept of this app so much I am putting all my notes, reviewers and sources for my upcoming board exam in here.","notes,",1
87,Can’t modify email notification settings on the app or through web on mobile.,email,0
88,account is wrong if v ask not responding,not responding,-1
89,but it is too darn slow,slow,0
90,"i want to clear my card details for my profile, can you help me on here?","profile,",1
91,"also, i did suggest applying for a nonprofit, but they are now asking if doing so will exempt them from tax.",tax.,1
92,"hi, is it possible to add sound effects on text to video templates?",text,0
93,"I am starting to love notion, but the mobile app needs improvement.",app,1
94,notion shines on the desktop version but it becomes a she will of itself on the mobile version.,Notion,0
95,"quality, commitment and service","Quality,",1
96,"sometimes when you drag and drop a video, there is a suggestion advising to make it fits the exact length of the text, sometime you have to guess","text,",-1
97,sorry for the slow reply paul,slow,-1
98,free plans do not even have watermarks,free plan,1
99,"but one thing that i would point towards is that it has a kind of slowish capture in terms of taking quick notes, which cannot be yet compared with fast captures like evernote, or google keep or onenote.","quick notes,",1
100,packing and delivery of breads cakes is very bad.,breads,-1
101,"hi, i have voice overs I would like to import and sync with scenes.",scenes.,1
102,"i really like the features of notion, as it is can be used with all devices, enables toggle mode to save space with notes and has many more functions, especially the export to pdf which makes it so convenient.",notes,1
103,sometimes items like curd supplied expired or going to expire immediately delivered,curd,1
104,customer service is worst.,Customer service,-1
105,how do i cancel my free trial period?,trial,1
106,the lost edits were originally created - platform you created those edits on (web app/mac desktop app/windows desktop app/ios/android) and may i have your permission to access your account and workspace to investigate?,workspace,1
107,What's the point of letting me add fields or change names of things if when I hit save it doesn't save and reverts back to the original?,add fields,1
108,its just the mobile app that is prventing me from making the best use of this.,mobile app,1
109,"Beautiful interface, easy to use, so the optimal creation of mini team on the phone.",phone,1
110,"The application is all good, how to translate into Russian?",Russian,1
111,Best organization and productivity app.,productivity,1
112,"i have uninstalled and installed multiple times, I have lost my patience with this app.",app.,-1
113,"evernote really struggled here, nail the cross device workflow/syncing or all the extra stuff will not matter.",device workflow/syncing,-1
114,there is unnecessary delivery charges applied which is otherwise not charged by local vendors,delivery charges,-1
115,that is fairly simple to customise by adding position: fixed; to the css.,customise,0
116,regular service is needed,Regular service,0
117,the brand settings are not saved at all,brand,-1
118,"some things needed to be improved is that when i have some typos, i can only delete 1 letter and the keyboard is 'gone' so i have to tap the word again and delete 1 letter again and the keyboard gone, and it goes on.",keyboard,1
119,their android app is pure garbage.,Android app,0
120,ah so did that turn off the volume for just that one scene?,scene,0
121,I have been charged on my credit card,credit card,1
122,i was about to download a video project i barely finished and the site went blank and my work is gone.,download,0
123,This is a very useful task manager app that assists me in organizing and managing my tasks whether personally or professionally,tasks,1
124,the overall concept is great and the app has great features.,app,1
125,"How can you call yourself a modern database when you can’t customize the number formats such as thousands separators, decimal places, etc... should be very basic in my opinion",database,0
126,@monicalimco @m_ashcroft @notionhq @roamresearch now use the @notionhq web clipper as you visit each course.,web clipper,0
127,I am using android phone nokia 6.1+,android,0
128,i absolutely love notion & rank it,notion,1
129,"The latest updates allow more functionality in “My Tasks”, now my issue is that dragging and dropping tasks into a specific order doesn’t work well on mobile.",latest updates,1
130,amazing app for productive life,app,1
131,Lacks filtering features of desktop app.,desktop app,0
132,"sorry, profitability will depend on how you use and price these videos.",price,1
133,"per scene music volume can not be adjusted as of now, that is a feature we are bringing soon, but i may have a workaround for this",volume,0
134,"great app, missing that one killer feature to make this the only note/organization app on my ipad.","app,",-1
135,this app is a life saver,app,0
136,timely delivery and availability of stocks,delivery,0
137,"for youtube upload/share, can i upload the video as private?",YouTube,0
138,"the experience on ipad, however, is extremely lackluster - not to mention limited - compared to the macbook app.",MacBook app.,1
139,"When I open Asana on iPad it always asks you to update, update and ask you to update again! ,",update,0
140,if deliveries are not proper there is no proper updates about refund and every month thrice delivery not come,no proper updates,-1
141,@notionhq btw usually the images are usually attached under toggle lists if that matters.,images,0
142,update: changed my review to 5 stars now because finally loading times are reasonable and you can view your notes while offline.,offline.,-1
143,"I always swipe and make tasks compeleted. 
",swipe,0
144,"correct, its the volume slider for the video and the background music in that scene",scene,0
145,i thought i had already cancelled prior to the trial being over but just noticed the payment,cancelled,-1
146,please adjust the in time of text box on the timeline below.,text,1
147,no proper transaction history - poor app quality - wrong delivery shown on app very bad service at all,service,-1
148,"when i login again, its give me new space, thehe is no my old notes for my business, acc is on .",login,-1
149,"and prior to this change it was saying upgrade for $10, now it is $15 :)",upgrade,1
150,"there is no trust, because milk packet has one color delivered milk packet is other color i raised the same issue they are saying",milk,1
151,"Very good app, easy to learn and use",learn,1
152,"the app does not run on android 6, at least on my meizu m5s.",app,0
153,invigilate your delivery person.,DELIVERY,0
154,edit a to-do list without opening th.,list,0
155,"to answer your follow up questions, we will need more than 100gb of storage.",storage.,0
156,load times on android now,Android,0
157,i suggest adding the ability of changing the font size like in ms word.,font size,1
158,it looks like the timezone can not be changed if the database is locked.,database,1
159,excellent note making app.,note making app.,1
160,order flexibility and attentive response,response,1
161,"i compressed video using handbrake video editor, file currently at 58mb, what format is supported, did not accept","editor,",0
162,get to know the finalists in the document knowledge category of the operate stage of.,Knowledge,0
163,"no mistake in delivering the correct product, correct quantity.",correct quantity.,-1
164,great app.,app,1
165,"hi, this morning i opened my notion to type out notes for my english class just to see that I would been logged out of my account.",notes,0
166,ux in general of apps is not good,apps,-1
167,but often Apple Pencil dosent respond in the upper left '<',Apple Pencil dosent respond,0
168,Since the 22-Feb-2021 update I've had problems with the app crashing.,app crashing,-1
169,would give the app 5/5 if it did not slow down as much.,Would,0
170,"but overall it is excellent, the animations are a bit choppy, there is still some bugs here and there, but i hope the next update will make it better than it already was.",bugs,1
171,by giving best quality at best price,quality,1
172,good service please include grocery as well,grocery,1
173,I just created A LONG message to update a project.,update,1
174,excellent app.,app.,1
175,I’d like to only view my highest priorities,priorities,1
176,I find Asana to be more effective on the web browser as opposed to the app.,browser,1
177,i can look into this for you - could you share the name or domain of the workspace?,workspace,1
178,"i added someone to my team to collaborate on projects, but i do not see how to share the project with them","projects,",1
179,we have refunded your payment and cancelled your subscription.,subscription,-1
180,would be complete if we could have widgets like sticky notes,widgets,1
181,"hello, how can i cancel free account?",account?,1
182,"Airtable is a GREAT tool but the iOS app is really too light (not all views are supported, neither dashboards etc...)
",views,1
183,"in ""how to take smart notes"", sonke ahrens ""planning"" more suited for projects but ""structure"" more apt for uncerta.",projects,1
184,"after summing up the amount table and filtering on the previous days, I am able to display a daily based balance.",display,0
185,"Simply not working, keeps saying I'm offline in my project",offline,-1
186,but the video media is resizing,video,0
187,i want to cancel my plan,plan,-1
188,give offers .,offers,0
189,my order was marked as delivered,delivered,0
190,i can give you 25% discount on unlimited yearly plan,discount,0
191,"well for now I am going to take the monthly plan, because the truth as i have a lot of development expenses, i find it a bit difficult this month at $ 500, but i do take the option into account, because at the moment one of my platforms starts to generate that it will be throughout the month of may and june","expenses,",1
192,"hey notion team, I am trying to export my notion project(as html) to have an offline backup.",offline,-1
193,the vat field actually will not show up until your billing address has been updated - that field automatically comes up when we have verified your address is in a taxable jurisdiction.,tax,0
194,# what is your workspace domain?,workspace,0
195,essential items all there at reasonable price as well as varieties,varieties,1
196,order not getting delivered since last 2-3 times and shows delivered..,Order,0
197,"thanks for taking the time to fill out our form, thibaut.","form,",1
198,"app on the ios terribly slow, crashes multiple times, does not support apple pencil.",App,-1
199,"dear support, i tried to filter a big table to show all the rows from for example february","Support,",1
200,please deliver the items promptly and regularly,deliver,1
201,"A new iPhone broke, took the old 5 and could not use Asana.",iPhone,-1
202,"right now, i can use it in chrome",Chrome,0
203,"ok, share the new accounts emails with me",account,1
204,excellent & in time service,time service,1
205,very great app!,app!,1
206,"hi, i have a dialogue track and music track and when i export, the music cuts off abruptly before the video ends on the exported video.",off,-1
207,"barring few items such as onions tomato and potato, quality of product supplied is very good.",tomato,1
208,am i able to split a clip into two scenes when it is on the timeline?,scenes,0
209,amazing browser app but needs more work on the android version as it is very slow and miss some features that makes notion a powerful tool,android version,1
210,"ok, so i am on the pay screen now (using an incognito window)",pay,1
211,"Can no longer use the app because of this stupid ‘Magic email link’ which only opens with web browser, rendering the app and the whole point of Asana completely useless!!

",email,-1
212,"it has the opportunity to be the best note taking app, so much flexibility and support.",note,1
213,"1) handwriting option, i dominantly use it on my ipad and it would be great if that could be added.","option, I",1
214,":) i use on android tablet mostly and keyboard shortcut to ""undo"" and ""redo"" do not work properly or consistently.",Keyboard shortcut,1
215,Not as a company.,company,0
216,"hi brandon, it is paris dean.looks like a lot of new stuff, how are we deleting the box",deleting,1
217,can i start a free plan and then upgrade that to a business plan?,free,1
218,rs 2 for a lt milk dilivery charges is to much,dilivery charges,-1
219,i wish add the rotate and crop image functions,image,1
220,but viewing this data in calendar view (by 'upcoming date' so upcoming birthdays show) does not show anything for today's date.,Calendar,0
221,"right ok, that may be because of facebook's requirement of 4:3/4:5 dimensions, which we do not do yet",facebook,1
222,now a days lot days delivery is missed out.,delivery,-1
223,How did you recover a task that I accidentally deleted.??,task,-1
224,"after 13.may update the app loads ways faster, not perfect but way better.",app,1
225,shall i retry the charge from the backend?,charge,0
226,as they have created another free account,account,1
227,"can not make it image and text for exampple, on ""one line""",text,0
228,"hey kim, i understand, however, i can help you with a lifetime unlimited plan which is an ltd plan.",plan,1
229,how can i delete music and scene from the project ?,delete,0
230,"i love the desktop version, but when i want to start the mobile one, it takes forever to load","desktop version,",1
231,there was shortage of product i did not get my subscriptions.,shortage of product,-1
232,by getting more customer centric.,customer centric.,0
233,"in terms of #remotehiring @graphyhq are showing the way, by using @notionhq to share their available roles and prep.",share,1
234,Beware the coercive subscription model.,subscription,0
235,there are certain items which are not up to expectations and price charged from customer .for,price charged from customer,0
236,very nice & useful service,nice,1
237,"my video has 2 scenes, but when the render finished the 2nd scene music only there","scenes,",0
238,"initially, you guys promoted with free delivery charges & now there charges taken against each packet of milk, which was very disappointing to me.","milk,",-1
239,"Bug: ""Add Tag"" not working on android. """,Tag,0
240,Easy and simple but can also complex database solutions,database,1
241,"i have small table, one column has dates.","table,",0
242,your free trial ends on april 22 and you will be charged $10 monthly,free,1
243,i gave a spin to the daily habit tracker which adds a lot of insights to the user.,daily,0
244,how do i change the filter of the picture to make it blend into the video as a watermark?,picture,0
245,please select the textbox and then go to the 'colors' tab in the right panel.,text,1
246,@kaushikb9 @mittuled @evernote @notionhq thankfully i just switched from evernote to @notionhq last month.,switched,1
247,I have not been using invideo and forgot to cancel my subscription.,cancel,-1
248,we do not know whether the product is delivered or not.,product,0
249,"as shown in the photo below, we are instructed to switch to personal pro to search the search engine.",photo,0
250,will i lose quality each time?,quality,-1
251,@coryzibell @trostcodes @notionhq apple notes + login to when not on macos,macOS,0
252,certain keyboard functions are not compatible with the app.,app.,1
253,there is a very unpleasant dynamic resizing happening on my tablet (s6 lite).,lite).,-1
254,good products but more items to be added and last order should be allowed till 2 of clock night,items,1
255,i found the allow support access feature and appreciate it very much.,Support,1
256,"hands down, the best I have found in 25 years.",Hands,1
257,tour refund policy for reduction on supply of milk packet in not good,milk,-1
258,i have looked there and the text does not have a layer,text,0
259,great app for students,app,1
260,@nocodeluc @notionhq why invent a new shortcut for the bullet points tho?,shortcut,0
261,"so, when i click the ""reading notes"" on the table of reading list, id like it direct me directly to the page of the reading note","notes""",1
262,there is no customer support.,customer support.,1
263,your vegetables are rotten but prices are higher than the market.,vegetables,-1
264,when editing a story for instagram or pinterest they are small,Pinterest,0
265,certain items are not available for purchase more than a week.,items,1
266,"at this time, some features like importing, resizing images, dragging/reordering columns are not available on our mobile apps.",images,1
267,"i can not get the previews to load whether its with istock videos from yur library, or my own",istock,0
268,"Overall an awesome app, but there are some worsened features over the latest versions, as well as some stupid missing ones on android versions.",android,-1
269,i wish i could turn dark mode on again and for a more flexibility with hebrew users.,Dark mode,1
270,delivery executive not ringing the bell and not placing the order at proper place,Delivery,0
271,"you do not need to buy a separate plan for each one, just one on this account will do, then simply add them as team members and they get the same benefits",account,1
272,"you can (kind of) do this with database templates, but each template is confined to the database.",database,0
273,New favourite productivity app!,productivity,0
274,"Works pretty well most of the time, but often fails during upload of photos, especially if taken through the app instead of the camera app built in.",upload,-1
275,the android version of your app is pathetic.doesen't load anything.,app,0
276,"i guess i could not use command+p to search the content inside the table; i personally like to put description and remarks in the table because i could see the information without opening a page while using ""table databases"" in notion.",search,1
277,"Unfortunately, it is not possible to be notified of entries (e.g. from a task list) via push notification.",notification,-1
278,The best and most intuitive project management app.,project,1
279,these are just my observations from using the app for three days and searching around for problems i had on youtube and the internet.,app,-1
280,"Dear developers, make for desktop, in Chrome, a drop-down list of employees, when selecting in the comment field.",list,1
281,I was getting pinged all day so I tried to adjust the email notification settings.,settings,0
282,notion is amazing.,Notion,1
283,"Great, I'm using it on PC and cell phone.",cell phone,1
284,"hi, i need cancel my account",cancel,-1
285,"never in my life I have seen such a perfect app for note taking, plus the good people at notion have gotten rid of limited plan.",notion,1
286,and the second browser is firefox,Firefox,0
287,"because the situation is not using notebooks as a collaboration tool, if you build a company recruitment page with only a personal pro account and search engine, you want to use a personal pro account.",collaboration,0
288,your are charging delivery charges for milk and other items.,delivery charges,-1
289,desktop and web works great but the app is very slow to load.,Desktop,1
290,"great app, but can sometimes take too long to load (5s +).","app,",1
291,i see you are already on 14 days trial and 50% discount code is already applied that you will be charged on 28th april 2021 for $60,code,-1
292,"I am constantly thanking and sharing gratitude for how my computer helps.
",sharing,1
293,"in the meantime, please note that our desktop apps are currently running a bit faster than using notion in your web browser.",web,1
294,"service is very bad, availability of products is poor..",Service,-1
295,here you can find a screen recording,screen,0
296,but what if i cropped just the one blue side out and added some text on text on the right like a story?,text,1
297,no customer interaction for issues,customer interaction,-1
298,sorry I have logged out and did not get the link or anything you may have sent in the meanwhile,logged,-1
299,i mostly like the delivery service.,delivery service.,1
300,you can access the page history even if you are not on enterprise as long as you are on a paid plan.,paid plan.,0
301,"absolutly hrishikesh, i a actually a new colaborator and i am working on a video tutorial for you",tutorial,0
302,"i can click and drag to highlight text within blocks, but not in title fields or other non-block areas of the app.",app.,-1
303,you have registered using google.,Google.,0
304,A stupid app that doesn't notify subtasks.,notify subtasks,-1
305,I constantly have notifications and badges on the Asana app even though all my tasks are complete.,notifications,0
306,"yes, try it, if not ill change the password from here",password,1
307,by better customer service.,customer service.,1
308,i just created a notion account using my school email which i thought would automatically upgrade to a personal pro plan but it has not!,school,1
309,"they said they will give free bag after 6 to 8 months of subscription also i did not receive any thing after asking also i am usin my neighbour s bag very bad ,and delivery fee for other materials is too costly",bag,-1
310,please improve ios app.,ios app.,1
311,if you use premium media then you will get a watermark on the free plan.,free,1
312,prompt delivery on a daily basis and the understanding the requirement of customers (specially the vacation featuredy~,requirement of customers,0
313,any projected timeline for resolving this issue.?,projected,1
314,how to add mobile frame in my video,mobile,0
315,Excellent Task Manager!,Task,1
316,pls deliver milk daily,milk daily,0
317,"Really good and very flexible ticket program, I've chosen from many programs to handle IT submissions and this one can really quickly and easily customize to your needs",flexible,1
318,availability of products displayed,Availability of products,0
319,i want to add song to image,image,0
320,business plan is for $20/month or $120/year,plan,0
321,@jitl @notionhq looking forward for the performance improvements!,performance,1
322,I absolutely love Airtable and am a paid user — it has revolutionized my work and hobbies — but only on lap/desktop.,desktop,1
323,Used to be able to view.,view,0
324,delivery charges be removed,Delivery charges,-1
325,"This app is a very simple, easy to use project management app.",project,1
326,i am using the web version - chrome,chrome,0
327,loading takes too long.,Loading,0
328,one journal by @dayoneapp 3.,Journal,0
329,when booking first subscription supr promised me for supr bag till now i have nt got the bag,supr bag,1
330,I am having an issue where each callout created is displaying all red text instead of the default color.,displaying,1
331,in fact I am talking about the video or a picture being dragged into the scene to fit with the text/script,text,1
332,ok will do at the when I have finished editing,editing,1
333,dropping milk packets without any follow ups.,milk packets,0
334,@notionhq there really needs to be a way to auto sort tags when one is in the tag edit view.,edit,0
335,do not charge service fees and give quality in products,service fees,0
336,we are waiting for our investors to be added to the list,list,0
337,Why on earth would you create such an app without landscape mode?,landscape,1
338,I am still trying to figure out the music,music,0
339,timely delivery and good quality of vegetables,quality of vegetables,1
340,"this app however, is terrible.",app,-1
341,"keep super daily app proper in function, & please listen to the customer complain, understand & sort out properly",super daily,1
342,"there is an issue with scrolling, the app will freeze up, will not scroll but i can press links, then it will scroll very slowly trying to catch up, i have to close and reopen to fix this.",will,0
343,is it best practice to work with small scenes (say 20 seconds each instead of a longer 60 second scene?,scene?,1
344,I love Asana for project management across several organizations however the mobile experience has always lagged a bit behind the web version.,web version,1
345,"Requires an account and since it’s free, that means they slurp all your data.  ",free,1
346,"for now it is ok - it is just something i think you should know, plus it took extra time for me to have to keep going back in to delete the logo again",logo,1
347,the app works really well,app,1
348,No calendar overview or ways of taking a snap shot if the status of all tasks at a particular time example.,calendar,-1
349,It's a very good application for organizing within a small company.,company,1
350,and: how does one change the workspace-name once one upgraded to team-plan?,Workspace,0
351,all of my high resolution cover image will not show,All,0
352,vegetables and fruits delivered are very bad quality.,fruits,-1
353,"great , i only faced some slowing when starting the app.",App.,1
354,"oh, if you mean speeding up animations, then that is not a feature we have yet, sorry :)",animation,1
355,this is the complete project i would like to duplicate at once including all content for backup.,backup.,1
356,"subscriptions are provisioned on a per-workspace basis, so you would have to pay if you wanted to have another workspace on the enterprise plan.",workspace,-1
357,"one item was not delivered on 3rd sept and there was no information given,nor any refund",item,-1
358,in this situation covid 19,this,0
359,desktop app windowa,Desktop,0
360,@notionhq when you will support rtl ?,support,1
361,For some reason this app is very limited compared to the browser version.,browser version,-1
362,the notion desktop application is uninstalling automatically and.,uninstalling,0
363,delivery is highly unreliable.,Delivery,0
364,timing nd delivery is really very poor.,Timing,-1
365,irregular deliveries every month.,deliveries,0
366,product n delivery experience,delivery experience,0
367,great tool.,tool.,1
368,the app never opens for me or takes a lot of time.,app,0
369,Very useful app for my Youtube planning,planning,1
370,customer care service can be better,Customer care service,1
371,"apart from milk you should stock dairy products like curd, lassi and selected vegetables/ fruits",vegetables/ fruits,1
372,it is the same on the ios app on my ipad . . .,iOS,0
373,"@notionhq how can i create a ""tasks template"" so the same set of tasks copies to each project i create??
",tasks,1
374,i can not log in to my notion account on my computer,log in,0
375,improvement needs in your delivery team,Delivery,1
376,will not renew any subscription in the future,subscription,0
377,"you can make lists, tables, insert pictures, link it to your calendar, and more.","lists,",0
378,"iOS app has a lot of restrictions, some justified some not.
",iOS,1
379,Love this app and it works supertly for planning work.,planning,1
380,"this is while I am actually using the app, it will just log me out and show the login page while I am typing.","app,",0
381,"hi there, i had some issues today with the video stuff, i talked with brandon and hermangi, i noticed that because of all the exports i lost some of the premium stock stuff, but i always did the same video (there were complications)",Premium,-1
382,you can add a transition between the scenes from the timeline,scene,0
383,"It should be paid up to the free option, it's a pass",paid,1
384,and dragging items to the side to creat a new columns & resizing them.,new columns,0
385,missing order items is very frequent.,items,-1
386,"try to add more items like rawa, maida in yr stock","rawa,",1
387,It's absolutely best Task Manager app by far.,Task,1
388,"okay i see a free 14 day trial for business and unlimited plans, so",unlimited,1
389,respond to customers issues.,customers issues.,0
390,"it was not stuck, just slow i see, give it a max of 10 mins at times if its a bit slow",stuck,1
391,prior information in case of non delivery discount,Discount,0
392,This is the most helpful app for organizing my recurring tasks and lists for my life since started using way back when.,recurring,1
393,@notionbiz @notionstatus @notionhq tell that to the students who lost their notes right before an exam!,students,-1
394,"i tried almost every editing program, you are the best one i have ever seen until now.",editing,1
395,you want to reduce it and delivery of milk also charging were as local milk distributors delivering milk free.,milk,1
396,otherwise an absolutely great app.,app.,1
397,The option to select multiple tasks to edit is missing.,edit,-1
398,service is so bad that i stopped complaining as there is no use,Service,-1
399,"@danieldibartolo @sugarspunrun @redman @notionhq but evernote and notion notes are not crawl-able, right?",Evernote,0
400,one of the best apps for productivity out there.,apps,1
401,"hello, how can i cancel free account?",cancel,1
402,your charges on each delivery is exorbitant.,delivery,-1
403,"I’ll be the first to say, I love Airtable, but the iOS zap is almost completely useless.",iOS,-1
404,"works well on laptop, but i cannot get the phone app to open.",app,1
405,but i have encountered a very irritating problem while using this app and it is that every time i type the cursor just keeps going back to where it was,cursor,-1
406,is the new account created?,account,1
407,still i have not received super bag first deleiever that too me,super bag,-1
408,free milk delivery or less fee,milk,1
409,I originally planned to use Asana as a To Do list of tasks but found the project management capabilities amazing.,list,1
410,right now i am not intrested for that plan,plan,0
411,do not charge extra be more flexible and available,charge extra,1
412,"hi brandon, i cannot download my video",download,0
413,my most favorite app on my phone.,app,1
414,servoce charge as per no of deliveries made and not as per no of products.,Servoce Charge,-1
415,you really saved my money.,saved,1
416,i cannot drag or add a section box to the first one.,drag,1
417,the only one app you needed to organize your ideas successfully.,app,1
418,timely delivery with fresh product,product,1
419,knowing that when i play the music alone it do not drop down.,music,1
420,could the ipad have overwritten the work I would done online?,iPad,0
421,":, i would like it, if it were faster, but i really love the app, it is the best app for notes that I have ever used.",notes,1
422,"My notification badges just keep climbing in number, even after I’ve archived everything.",archived,0
423,"I was looking for project management software for smaller teams, looked at a lot and tested a lot, and stayed with Asana.",teams,0
424,And I was asked to paid.,paid,0
425,"app response is poor, support process gone bad, product costs are high, no options of re-scheduling the subscribed products for delivery once after end of subscription.",App,-1
426,"just a few samsung notes, bublup app, messages app, it is handy for recognition.",Samsung,0
427,"it is a great app, but does not have widgets, and it is essential, especially for lists","app,",1
428,"service charge is very high, please reduce it",Service charge,1
429,a specific database card does not suggest creating a new template for this database.,database.,-1
430,"great tool overall, but booting up the application on android takes way too long.",tool,1
431,you can do that once you start with the blank canvas,canvas,0
432,"app is good, no issues nothing , just the thing , i urge developers to add handwriting and notebook featire with templates it would be blessing.",App,1
433,"The desktop version makes sense and you can use a few different views to match your though processes, but in the phone app it’s just a heap of junk in no particular order. 

",processes,-1
434,quality should be ensured before delivery,Quality,0
435,"stock availability, quality of veges/ fruits and pricing, service fees","Stock availability,",0
436,Stop buying fake reviews start do some decent improvements so maybe people will pay you without the need to scam them!!,scam,-1
437,do not opened at all on meizu m5 note,Meizu M5 Note,0
438,"love notion, but the app is so slow.","notion,",1
439,"many times i find vegetables delivered are underweight and on complaining, you said only sorry.",vegetables,-1
440,"unlimited lifetime sounds good, how much is that?",lifetime,1
441,the android app requires force-close + cache-clear on a daily basis to prevent it from getting stuck indefinitely on the loading screen.,Android app,-1
442,i did drag it from the beginning but it still does not starts at the same time as the video,beginning,-1
443,@notionstatus thank you @notionhq for getting us up as fast as you could!,fast,1
444,"incredible app for organize basically your life, please implement reminders with some kind of alarm or notifications.",notifications.,-1
445,takes ages to load.,Takes,0
446,"today ,i installed the notion app",app,0
447,do not ever actually open the app or try to read or write anything with it.,app,0
448,notion is a great site and an iphone app.,iPhone app.,1
449,"It does its function, but it would be good for them to add a dark mode",dark mode,1
450,"ok, so add the first clip on scene 1.",scene,1
451,till a week back the service is excellent but now late delivery,service,1
452,the web version works great on desktop but this app is unusable.,app,1
453,its a good app with many features,features,1
454,"but I would like to adjust it, resize, remove background etc.",remove,1
455,"is there any way to exceed the limit to 20,0 blocks and duplicate the project?",project?,-1
456,There are no functions to merge one task or move it as a subtask of another.,task,-1
457,"great, please implement widget in next update",widget,1
458,the problem I am having is that this is a default table view where all the columns are in alphabetical order and regular width.,columns,-1
459,Desktop is better...,Desktop,0
460,i mean delete account: @gmail.com,delete,0
461,Love the free version to manage day-to-day operations and multiple projects.,free,1
462,"i want to unsubscribe from my business plan, but i do not know how to","business plan,",0
463,"I have good internet and still tells me that it is not possible to connect with Asana, it does not save the things that I put.",connect,0
464,"as of the moment, the ""turn into"" functionality is not possible on mobile yet, however on the desktop app or web, you will find this option by selecting your list of items then click the block handle or the "":"" and select ""turn into"" then ""to do list",list,-1
465,"this is a fantastic app, and has enabled me to move my writing almost exclusively to it.","app,",1
466,is it best practice to work with small scenes (say 20 seconds each instead of a longer 60 second scene?,scenes,1
467,"The UI is horrible, impossible to manage what is seen, make personal boards, etc",personal,-1
468,And how to change the language in the application?,language,0
469,Just started using Asana.,Just started,0
470,"@notionhq i want to request you to please fix up the bug - ""while copy pasting or while importing any web page/docu.",web,1
471,Honestly just not a great app compared to the desktop version.,desktop version,-1
472,be more consistent in delivering.,delivering.,0
473,hi kate // how do we downgrade our account to the free version?,free,1
474,"providing all essential items at the door step, especially during lockdown period, is excellent concept put in practice",essential items,1
475,the tables/databases are a lifesaver to me.,tables/databases,1
476,but i would like to keep my android system in dark mode.,dark mode.,1
477,"attaching as text file: regards, viraj patel  ",text,0
478,the idea is to split up this database.,database,0
479,can something like this be done in notion too - especially the subscription to multimple google calendars in one overlaid by tasks?,subscription,1
480,notion is a great site and an iphone app.,Notion,1
481,i helped co-found a company on notion which was a difficult task but manageable.,task,-1
482,"app with great funtions and posibilities, but slow as hell (update",App,-1
483,i use onenote from my office subscription,subscription,0
484,"i mean, the lower text under the overlay should be covered by the overlay",text,-1
485,"takes forever to load on note 8, seeing the logo hoping it will just load","note 8,",1
486,asked for a workspace name or billing email address on file what caused you to escalate the ticket?,billing,0
487,"regular delivery.payment via food card should be added.also they should add more milk items like rabdi, mozerella cheese etc.","rabdi, mozerella",1
488,"great app, but can sometimes take too long to load (5s +).",load,1
489,"i also see you have been with us for a while, why not take up an unlimited lifetime plan at a discounted price, where you pay once and get unlimited access for life :)",plan,1
490,"in the meantime, would you mind resetting your notion app for me?",resetting,0
491,free @notionhq template: employee directory,Free,1
492,"@notionhq I am finally addicted to you moved all my spreadsheets and doc, & organised everything.",organised,0
493,"There’s no capability for simple things like editing functions (i.e. doing *any* calculations), Kanban views, or pivot tables. 

",calculations,0
494,I entered the email to sign up and immediately error message that the data can't be read?,email,-1
495,"every time i try to edit a page or create a link, the tools or keyboard flash up for half a second and close back down.",tools,1
496,unable to load money using wallets (phonepe/ola money /freecharge/payzapp).,Unable to load money using wallets,0
497,"hi, i m doing for the first time ever and i not able to understand the usage of all the tabs on this app",usage,0
498,delivery is delayed or cancelled every time i order something.,Delivery,-1
499,your customer service is terrible!,customer service,-1
